{"_id":{"$oid":"5ca3799604ab4768938819aa"},"Ticket_ID":1,"Staff Code":"FZ","Staff_Title":"Dr","Staff_Forname":"Fiona","Staff_Surname":"Zhaeem","Staff_Department":"English","Staff_Role":"Head Teacher","Date_Opened":{"$date":"2018-12-18T08:37:20.201Z"},"Category":"Software","Category_Type":"Monitor","Problem_Description":"UI does not appear on screen","Priority":"Medium","Resolved":"Y","Action taken":"HDMI cable fully inserted into socket","Date_Closed":{"$date":"2018-12-18T08:37:20.201Z"},"Equipment_ID":12,"Equipment_Name":"Monitor","Equipment_brand":"Dell","Date_purchased":{"$date":"2017-08-02T04:21:20.201Z"},"Serial_Number":10012,"Room_Number":"L2","Building":"Languages","IT_Staff_Code":"KN","IT_Staff_Title":"Mr","IT_Staff_Forname":"Kevin","IT_Staff_Surname":"Nickson","IT_Staff_Role":"IT Manager"}
{"_id":{"$oid":"5ca3799604ab4768938819ab"},"Ticket_ID":2,"Staff Code":"AMQ","Staff_Title":"Mr","Staff_Forname":"Arther","Staff_Surname":"McQuillian","Staff_Department":"Science","Staff_Role":"Head of KS5 Science","Date_Opened":{"$date":"2018-12-18T08:37:20.201Z"},"Category":"Software","Category_Type":"SIMS","Problem_Description":"Can't take the register","Priority":"High","Resolved":"Y","Action taken":"Needed to log in as a different teacher","Date_Closed":{"$date":"2018-12-18T08:37:20.201Z"},"Equipment_ID":"","Equipment_Name":"","Equipment_brand":"","Date_purchased":"","Serial_Number":"","Room_Number":"","Building":"","IT_Staff_Code":"RG","IT_Staff_Title":"Miss","IT_Staff_Forname":"Rachel","IT_Staff_Surname":"Green","IT_Staff_Role":"IT Technician"}
{"_id":{"$oid":"5ca3799604ab4768938819ac"},"Ticket_ID":3,"Staff Code":"BJ","Staff_Title":"Mr","Staff_Forname":"Benjamin","Staff_Surname":"James","Staff_Department":"Humanities","Staff_Role":"Head of Geography Department","Date_Opened":{"$date":"2018-12-18T08:37:20.201Z"},"Category":"Hardware","Category_Type":"Systems Unit","Problem_Description":"The computer won't turn on","Priority":"Medium","Resolved":"Y","Action taken":"Took back to manufactuer and it is now fixed","Date_Closed":{"$date":"2019-01-14T21:34:20.201Z"},"Equipment_ID":293,"Equipment_Name":"System Unit","Equipment_brand":"Logitech","Date_purchased":{"$date":"2014-08-30T00:00:00.201Z"},"Serial_Number":42108,"Room_Number":"H1","Building":"Humanities","IT_Staff_Code":"SS","IT_Staff_Title":"Mr","IT_Staff_Forname":"Samuel","IT_Staff_Surname":"Simpson","IT_Staff_Role":"IT Technician"}
{"_id":{"$oid":"5ca3799604ab4768938819ad"},"Ticket_ID":5,"Staff Code":"HK","Staff_Title":"Ms","Staff_Forname":"Heather","Staff_Surname":"Kannaird","Staff_Department":"Adminstration","Staff_Role":"Office Manager","Date_Opened":{"$date":"2018-12-20T08:39:20.201Z"},"Category":"Software","Category_Type":"MicrosoftOffice","Problem_Description":"Can't log on to the email","Priority":"Medium","Resolved":"Y","Action taken":"Re-set the password","Date_Closed":{"$date":"2018-12-20T08:39:20.201Z"},"Equipment_ID":"","Equipment_Name":"","Equipment_brand":"","Date_purchased":"","Serial_Number":"","Room_Number":"","Building":"","IT_Staff_Code":"SS","IT_Staff_Title":"Mr","IT_Staff_Forname":"Samuel","IT_Staff_Surname":"Simpson","IT_Staff_Role":"IT Technician"}
{"_id":{"$oid":"5ca3799604ab4768938819ae"},"Ticket_ID":6,"Staff Code":"SP","Staff_Title":"Mr","Staff_Forname":"Shane","Staff_Surname":"Peters","Staff_Department":"Maths","Staff_Role":"Teacher","Date_Opened":{"$date":"2018-12-21T08:40:20.201Z"},"Category":"Software","Category_Type":"Printer","Problem_Description":"The device does not allow them to log on","Priority":"Low","Resolved":"Y","Action taken":"Re-set the password","Date_Closed":{"$date":"2018-12-21T08:40:20.201Z"},"Equipment_ID":343,"Equipment_Name":"Printer","Equipment_brand":"Epson","Date_purchased":{"$date":"2013-08-27T04:31:20.201Z"},"Serial_Number":46204,"Room_Number":"","Building":"Mathematics","IT_Staff_Code":"KN","IT_Staff_Title":"Mr","IT_Staff_Forname":"Kevin","IT_Staff_Surname":"Nickson","IT_Staff_Role":"IT Manager"}
{"_id":{"$oid":"5ca3799604ab4768938819af"},"Ticket_ID":7,"Staff Code":"HJ","Staff_Title":"Ms","Staff_Forname":"Helen","Staff_Surname":"Jones","Staff_Department":"Languages","Staff_Role":"Head of Languages Department","Date_Opened":{"$date":"2018-12-21T08:40:20.201Z"},"Category":"Software","Category_Type":"Mouse","Problem_Description":"The mouse does not move the on-screen clicker on the user interface","Priority":"Medium","Resolved":"Y","Action taken":"Re-plugged the device as not fully plugged in","Date_Closed":{"$date":"2018-12-21T08:40:20.201Z"},"Equipment_ID":163,"Equipment_Name":"Mouse","Equipment_brand":"Dell","Date_purchased":{"$date":"2017-08-02T04:21:20.201Z"},"Serial_Number":30011,"Room_Number":"L1","Building":"Languages","IT_Staff_Code":"SS","IT_Staff_Title":"Mr","IT_Staff_Forname":"Samuel","IT_Staff_Surname":"Simpson","IT_Staff_Role":"IT Technician"}
{"_id":{"$oid":"5ca3799604ab4768938819b0"},"Ticket_ID":8,"Staff Code":"NC","Staff_Title":"Mrs","Staff_Forname":"Nicola","Staff_Surname":"Calderbank","Staff_Department":"Adminstration","Staff_Role":"Exams Officer","Date_Opened":{"$date":"2018-12-21T08:40:20.201Z"},"Category":"Hardware","Category_Type":"Keyboard","Problem_Description":"Some of the letter keys do not work","Priority":"High","Resolved":"Y","Action taken":"Took back to manufactuer and it is now fixed","Date_Closed":{"$date":"2019-01-14T21:34:20.201Z"},"Equipment_ID":77,"Equipment_Name":"Keyboard","Equipment_brand":"Dell","Date_purchased":{"$date":"2017-08-02T04:21:20.201Z"},"Serial_Number":20001,"Room_Number":"A1","Building":"SLT Corridor","IT_Staff_Code":"RG","IT_Staff_Title":"Miss","IT_Staff_Forname":"Rachel","IT_Staff_Surname":"Green","IT_Staff_Role":"IT Technician"}
{"_id":{"$oid":"5ca3799604ab4768938819b1"},"Ticket_ID":9,"Staff Code":"IF","Staff_Title":"Mrs","Staff_Forname":"Isabelle","Staff_Surname":"Fleetwood","Staff_Department":"Business, IT \u0026 Media","Staff_Role":"Teacher","Date_Opened":{"$date":"2018-12-21T08:40:20.201Z"},"Category":"Hardware","Category_Type":"Monitor","Problem_Description":"Monitor will not turn on","Priority":"High","Resolved":"Y","Action taken":"Power cable fully inserted into socket","Date_Closed":{"$date":"2018-12-21T08:40:20.201Z"},"Equipment_ID":38,"Equipment_Name":"Monitor","Equipment_brand":"HP","Date_purchased":{"$date":"2016-08-22T08:41:20.201Z"},"Serial_Number":14301,"Room_Number":"M14","Building":"Main Building","IT_Staff_Code":"SS","IT_Staff_Title":"Mr","IT_Staff_Forname":"Samuel","IT_Staff_Surname":"Simpson","IT_Staff_Role":"IT Technician"}
{"_id":{"$oid":"5ca3799604ab4768938819b2"},"Ticket_ID":10,"Staff Code":"CL","Staff_Title":"Mr","Staff_Forname":"Craig","Staff_Surname":"Livingstone","Staff_Department":"Psychology \u0026 Law","Staff_Role":"Head of KS4 Psychology \u0026 Law","Date_Opened":{"$date":"2018-12-22T08:41:20.201Z"},"Category":"Hardware","Category_Type":"Laptop","Problem_Description":"The mouse pad does not work","Priority":"Medium","Resolved":"Y","Action taken":"Took back to manufactuer and it is now fixed","Date_Closed":{"$date":"2019-01-14T21:34:20.201Z"},"Equipment_ID":347,"Equipment_Name":"Laptop","Equipment_brand":"Dell","Date_purchased":{"$date":"2017-09-02T05:21:20.201Z"},"Serial_Number":54003,"Room_Number":"","Building":"","IT_Staff_Code":"KN","IT_Staff_Title":"Mr","IT_Staff_Forname":"Kevin","IT_Staff_Surname":"Nickson","IT_Staff_Role":"IT Manager"}
{"_id":{"$oid":"5ca3799604ab4768938819b3"},"Ticket_ID":11,"Staff Code":"IR","Staff_Title":"Miss","Staff_Forname":"Iola","Staff_Surname":"Roberts","Staff_Department":"P.E.","Staff_Role":"Head of KS5 Physical Education","Date_Opened":{"$date":"2019-01-07T21:27:20.201Z"},"Category":"Hardware","Category_Type":"Two-way radio","Problem_Description":"The radio cannot receive/ send messages","Priority":"Medium","Resolved":"Y","Action taken":"The wavelength nozzle had been altered to moved to original place","Date_Closed":{"$date":"2019-01-07T21:27:20.201Z"},"Equipment_ID":392,"Equipment_Name":"Two-way Radio","Equipment_brand":"Motorola","Date_purchased":{"$date":"2017-08-06T04:25:20.201Z"},"Serial_Number":67428,"Room_Number":"","Building":"","IT_Staff_Code":"RG","IT_Staff_Title":"Miss","IT_Staff_Forname":"Rachel","IT_Staff_Surname":"Green","IT_Staff_Role":"IT Technician"}
{"_id":{"$oid":"5ca3799604ab4768938819b4"},"Ticket_ID":12,"Staff Code":"TH","Staff_Title":"Mr","Staff_Forname":"Thomas","Staff_Surname":"Harris","Staff_Department":"Performing Arts","Staff_Role":"Head of Performing Arts Department","Date_Opened":{"$date":"2019-01-07T21:27:20.201Z"},"Category":"Hardware","Category_Type":"Two-way radio","Problem_Description":"The radio can receive but not send messaged","Priority":"Medium","Resolved":"Y","Action taken":"Took back to manufactuer and it is now fixed","Date_Closed":{"$date":"2019-01-14T21:34:20.201Z"},"Equipment_ID":409,"Equipment_Name":"Two-way Radio","Equipment_brand":"Motorola","Date_purchased":{"$date":"2017-08-06T04:25:20.201Z"},"Serial_Number":67445,"Room_Number":"","Building":"","IT_Staff_Code":"KN","IT_Staff_Title":"Mr","IT_Staff_Forname":"Kevin","IT_Staff_Surname":"Nickson","IT_Staff_Role":"IT Manager"}
{"_id":{"$oid":"5ca3799604ab4768938819b5"},"Ticket_ID":13,"Staff Code":"EC","Staff_Title":"Ms","Staff_Forname":"Elaine","Staff_Surname":"Chadwick","Staff_Department":"Humanities","Staff_Role":"Head of Religious Studies","Date_Opened":{"$date":"2019-01-07T21:27:20.201Z"},"Category":"Software","Category_Type":"MicrosoftOffice","Problem_Description":"Can't log on to the email","Priority":"Low","Resolved":"Y","Action taken":"Re-set the password","Date_Closed":{"$date":"2019-01-07T21:27:20.201Z"},"Equipment_ID":"","Equipment_Name":"","Equipment_brand":"","Date_purchased":"","Serial_Number":"","Room_Number":"","Building":"","IT_Staff_Code":"SS","IT_Staff_Title":"Mr","IT_Staff_Forname":"Samuel","IT_Staff_Surname":"Simpson","IT_Staff_Role":"IT Technician"}
{"_id":{"$oid":"5ca3799604ab4768938819b6"},"Ticket_ID":14,"Staff Code":"KR","Staff_Title":"Mr","Staff_Forname":"Kasper","Staff_Surname":"Rowlinson","Staff_Department":"Maths","Staff_Role":"Teacher","Date_Opened":{"$date":"2019-01-07T21:27:20.201Z"},"Category":"Software","Category_Type":"Printer","Problem_Description":"Users cannot connect to the device","Priority":"Medium","Resolved":"Y","Action taken":"The printer was re-set and then devices could connect to it","Date_Closed":{"$date":"2019-01-07T21:27:20.201Z"},"Equipment_ID":343,"Equipment_Name":"Printer","Equipment_brand":"Epson","Date_purchased":{"$date":"2013-08-27T00:00:00.201Z"},"Serial_Number":46203,"Room_Number":"","Building":"","IT_Staff_Code":"KN","IT_Staff_Title":"Mr","IT_Staff_Forname":"Kevin","IT_Staff_Surname":"Nickson","IT_Staff_Role":"IT Manager"}
{"_id":{"$oid":"5ca3799604ab4768938819b7"},"Ticket_ID":15,"Staff Code":"NN","Staff_Title":"Mr","Staff_Forname":"Nigel","Staff_Surname":"Newns","Staff_Department":"Science","Staff_Role":"Head of KS4 Science","Date_Opened":{"$date":"2019-01-07T21:27:20.201Z"},"Category":"Hardware","Category_Type":"Mouse","Problem_Description":"The scroller on the mouse does not work","Priority":"Medium","Resolved":"Y","Action taken":"Took back to manufactuer and it is now fixed","Date_Closed":{"$date":"2019-01-14T21:34:20.201Z"},"Equipment_ID":207,"Equipment_Name":"Mouse","Equipment_brand":"HP","Date_purchased":{"$date":"2016-08-22T04:41:20.201Z"},"Serial_Number":34318,"Room_Number":"S3","Building":"Science","IT_Staff_Code":"RG","IT_Staff_Title":"Miss","IT_Staff_Forname":"Rachel","IT_Staff_Surname":"Green","IT_Staff_Role":"IT Technician"}
{"_id":{"$oid":"5ca3799604ab4768938819b8"},"Ticket_ID":16,"Staff Code":"TJ","Staff_Title":"Mrs","Staff_Forname":"Tracy","Staff_Surname":"Jones","Staff_Department":"English","Staff_Role":"Teacher","Date_Opened":{"$date":"2019-01-08T21:28:20.201Z"},"Category":"Hardware","Category_Type":"Keyboard","Problem_Description":"Some of the letter keys do not work","Priority":"Medium","Resolved":"Y","Action taken":"Took back to manufactuer and it is now fixed","Date_Closed":{"$date":"2019-01-14T21:34:20.201Z"},"Equipment_ID":104,"Equipment_Name":"Keyboard","Equipment_brand":"Dell","Date_purchased":{"$date":"2017-08-02T04:21:20.201Z"},"Serial_Number":20028,"Room_Number":"M13","Building":"Main Building","IT_Staff_Code":"SS","IT_Staff_Title":"Mr","IT_Staff_Forname":"Samuel","IT_Staff_Surname":"Simpson","IT_Staff_Role":"IT Technician"}
{"_id":{"$oid":"5ca3799604ab4768938819b9"},"Ticket_ID":17,"Staff Code":"JB","Staff_Title":"Ms","Staff_Forname":"Jessica","Staff_Surname":"Bullen","Staff_Department":"Business, IT \u0026 Media","Staff_Role":"Teacher","Date_Opened":{"$date":"2019-01-08T21:28:20.201Z"},"Category":"Hardware","Category_Type":"Monitor","Problem_Description":"The monitor fell on the floor and cracked","Priority":"High","Resolved":"Y","Action taken":"Took back to manufactuer and it is now fixed","Date_Closed":{"$date":"2019-01-14T21:34:20.201Z"},"Equipment_ID":122,"Equipment_Name":"Keyboard","Equipment_brand":"HP","Date_purchased":{"$date":"2016-08-22T04:41:20.201Z"},"Serial_Number":24309,"Room_Number":"M14","Building":"Main Building","IT_Staff_Code":"RG","IT_Staff_Title":"Miss","IT_Staff_Forname":"Rachel","IT_Staff_Surname":"Green","IT_Staff_Role":"IT Technician"}
{"_id":{"$oid":"5ca3799604ab4768938819ba"},"Ticket_ID":18,"Staff Code":"DH","Staff_Title":"Mr","Staff_Forname":"David","Staff_Surname":"Hill","Staff_Department":"Business, IT \u0026 Media","Staff_Role":"Head of IT Department","Date_Opened":{"$date":"2019-01-08T21:28:20.201Z"},"Category":"Hardware","Category_Type":"Systems Unit","Problem_Description":"The unit is processing really slowly","Priority":"Low","Resolved":"Y","Action taken":"Re-set the device","Date_Closed":{"$date":"2019-01-08T21:28:20.201Z"},"Equipment_ID":258,"Equipment_Name":"System Unit","Equipment_brand":"Dell","Date_purchased":{"$date":"2017-08-02T04:21:20.201Z"},"Serial_Number":40030,"Room_Number":"M13","Building":"Main Building","IT_Staff_Code":"KN","IT_Staff_Title":"Mr","IT_Staff_Forname":"Kevin","IT_Staff_Surname":"Nickson","IT_Staff_Role":"IT Manager"}
{"_id":{"$oid":"5ca3799604ab4768938819bb"},"Ticket_ID":20,"Staff Code":"EE","Staff_Title":"Mrs","Staff_Forname":"Eugine","Staff_Surname":"Edwards","Staff_Department":"Adminstration","Staff_Role":"Administative assistant","Date_Opened":{"$date":"2019-01-09T21:29:20.201Z"},"Category":"Hardware","Category_Type":"Systems Unit","Problem_Description":"The unit is processing really slowly","Priority":"Low","Resolved":"Y","Action taken":"Re-set the device","Date_Closed":{"$date":"2019-01-09T21:29:20.201Z"},"Equipment_ID":234,"Equipment_Name":"System Unit","Equipment_brand":"Dell","Date_purchased":{"$date":"2017-08-02T04:21:20.201Z"},"Serial_Number":40006,"Room_Number":"A6","Building":"SLT Corridor","IT_Staff_Code":"KN","IT_Staff_Title":"Mr","IT_Staff_Forname":"Kevin","IT_Staff_Surname":"Nickson","IT_Staff_Role":"IT Manager"}
{"_id":{"$oid":"5ca3799604ab4768938819bc"},"Ticket_ID":19,"Staff Code":"HK","Staff_Title":"Ms","Staff_Forname":"Heather","Staff_Surname":"Kannaird","Staff_Department":"Adminstration","Staff_Role":"Office Manager","Date_Opened":{"$date":"2019-01-08T21:28:20.201Z"},"Category":"Hardware","Category_Type":"Two-way radio","Problem_Description":"The radio cannot receive/ send messages","Priority":"Medium","Resolved":"Y","Action taken":"The wavelength nozzle had been altered to moved to original place","Date_Closed":{"$date":"2019-01-08T21:28:20.201Z"},"Equipment_ID":413,"Equipment_Name":"Two-way Radio","Equipment_brand":"Motorola","Date_purchased":{"$date":"2017-08-06T04:25:20.201Z"},"Serial_Number":67449,"Room_Number":"","Building":"","IT_Staff_Code":"SS","IT_Staff_Title":"Mr","IT_Staff_Forname":"Samuel","IT_Staff_Surname":"Simpson","IT_Staff_Role":"IT Technician"}
{"_id":{"$oid":"5ca3799604ab4768938819bd"},"Ticket_ID":21,"Staff Code":"ED","Staff_Title":"Mrs","Staff_Forname":"Elise","Staff_Surname":"Donaldson","Staff_Department":"Maths","Staff_Role":"Teacher","Date_Opened":{"$date":"2019-01-09T21:29:20.201Z"},"Category":"Software","Category_Type":"MicrosoftOffice","Problem_Description":"Can't log on to SIMS","Priority":"Low","Resolved":"Y","Action taken":"Re-set the password","Date_Closed":{"$date":"2019-01-09T21:29:20.201Z"},"Equipment_ID":"","Equipment_Name":"","Equipment_brand":"","Date_purchased":"","Serial_Number":"","Room_Number":"","Building":"","IT_Staff_Code":"RG","IT_Staff_Title":"Miss","IT_Staff_Forname":"Rachel","IT_Staff_Surname":"Green","IT_Staff_Role":"IT Technician"}
{"_id":{"$oid":"5ca3799604ab4768938819be"},"Ticket_ID":22,"Staff Code":"AMQ","Staff_Title":"Mr","Staff_Forname":"Arther","Staff_Surname":"McQuillian","Staff_Department":"Science","Staff_Role":"Head of KS5 Science","Date_Opened":{"$date":"2019-01-10T21:30:20.201Z"},"Category":"Software","Category_Type":"SIMS","Problem_Description":"Can't find my class' register","Priority":"High","Resolved":"Y","Action taken":"Added class to teacher's register","Date_Closed":{"$date":"2019-01-10T21:30:20.201Z"},"Equipment_ID":"","Equipment_Name":"","Equipment_brand":"","Date_purchased":"","Serial_Number":"","Room_Number":"","Building":"","IT_Staff_Code":"KN","IT_Staff_Title":"Mr","IT_Staff_Forname":"Kevin","IT_Staff_Surname":"Nickson","IT_Staff_Role":"IT Manager"}
{"_id":{"$oid":"5ca3799604ab4768938819bf"},"Ticket_ID":23,"Staff Code":"CC","Staff_Title":"Miss","Staff_Forname":"Chloe","Staff_Surname":"Chadwick","Staff_Department":"P.E.","Staff_Role":"Teacher","Date_Opened":{"$date":"2019-01-10T21:30:20.201Z"},"Category":"Hardware","Category_Type":"Two-way radio","Problem_Description":"The radio cannot receive/ send messages","Priority":"Medium","Resolved":"Y","Action taken":"The wavelength nozzle had been altered to moved to original place","Date_Closed":{"$date":"2019-01-10T21:30:20.201Z"},"Equipment_ID":392,"Equipment_Name":"Two-way Radio","Equipment_brand":"Motorola","Date_purchased":{"$date":"2017-08-06T04:25:20.201Z"},"Serial_Number":67428,"Room_Number":"","Building":"","IT_Staff_Code":"SS","IT_Staff_Title":"Mr","IT_Staff_Forname":"Samuel","IT_Staff_Surname":"Simpson","IT_Staff_Role":"IT Technician"}
{"_id":{"$oid":"5ca3799604ab4768938819c0"},"Ticket_ID":4,"Staff Code":"DT","Staff_Title":"Mr","Staff_Forname":"Daniel","Staff_Surname":"Thatcher","Staff_Department":"Psychology \u0026 Law","Staff_Role":"Head of Psychology \u0026 Law Department","Date_Opened":{"$date":"2018-12-20T08:39:20.201Z"},"Category":"Software","Category_Type":"Interactive Projector","Problem_Description":"Even though the sound and the Interactive Projector pen work, the Interactive projector will not display an image. ","Priority":"High","Resolved":"Y","Action taken":"Took back to manufactuer and it is now fixed","Date_Closed":{"$date":"2019-01-07T21:27:20.201Z"},"Equipment_ID":309,"Equipment_Name":"Interactive Projector","Equipment_brand":"Epson","Date_purchased":{"$date":"2015-08-06T04:25:20.201Z"},"Serial_Number":72305,"Room_Number":"M5","Building":"Main Building","IT_Staff_Code":"RG","IT_Staff_Title":"Miss","IT_Staff_Forname":"Rachel","IT_Staff_Surname":"Green","IT_Staff_Role":"IT Technician"}
{"_id":{"$oid":"5ca3799604ab4768938819c1"},"Ticket_ID":24,"Staff Code":"CF","Staff_Title":"Mr","Staff_Forname":"Christopher","Staff_Surname":"Fagan","Staff_Department":"Business, IT \u0026 Media","Staff_Role":"Head of Media Department","Date_Opened":{"$date":"2019-01-10T21:30:20.201Z"},"Category":"Software","Category_Type":"Monitor","Problem_Description":"UI does not appear on screen","Priority":"Medium","Resolved":"Y","Action taken":"HDMI cable fully inserted into socket","Date_Closed":{"$date":"2019-01-10T21:30:20.201Z"},"Equipment_ID":32,"Equipment_Name":"Monitor","Equipment_brand":"Dell","Date_purchased":{"$date":"2017-08-01T04:23:20.201Z"},"Serial_Number":10032,"Room_Number":"M13","Building":"Main Building","IT_Staff_Code":"RG","IT_Staff_Title":"Miss","IT_Staff_Forname":"Rachel","IT_Staff_Surname":"Green","IT_Staff_Role":"IT Technician"}
{"_id":{"$oid":"5ca3799604ab4768938819c2"},"Ticket_ID":25,"Staff Code":"TLC","Staff_Title":"Mr","Staff_Forname":"Thierry","Staff_Surname":"La Costa","Staff_Department":"Languages","Staff_Role":"Teacher","Date_Opened":{"$date":"2019-01-10T21:30:20.201Z"},"Category":"Hardware","Category_Type":"Keyboard","Problem_Description":"Some of the letter keys do not work","Priority":"Medium","Resolved":"Y","Action taken":"Took back to manufactuer and it is now fixed","Date_Closed":{"$date":"2019-01-14T21:34:20.201Z"},"Equipment_ID":87,"Equipment_Name":"Keyboard","Equipment_brand":"Dell","Date_purchased":{"$date":"2017-08-02T04:21:20.201Z"},"Serial_Number":20011,"Room_Number":"L1","Building":"Languages","IT_Staff_Code":"SS","IT_Staff_Title":"Mr","IT_Staff_Forname":"Samuel","IT_Staff_Surname":"Simpson","IT_Staff_Role":"IT Technician"}
{"_id":{"$oid":"5ca3799604ab4768938819c3"},"Ticket_ID":26,"Staff Code":"CS","Staff_Title":"Miss","Staff_Forname":"Courtney","Staff_Surname":"Sharpe","Staff_Department":"Psychology \u0026 Law","Staff_Role":"Head of KS5 Psychology \u0026 Law","Date_Opened":{"$date":"2019-01-11T21:31:20.201Z"},"Category":"Software","Category_Type":"Laptop","Problem_Description":"My laptop isn't printing again, I have tried to install that Paper MF, but nothing is happening","Priority":"Medium","Resolved":"Y","Action taken":"Took back to manufactuer and it is now fixed","Date_Closed":{"$date":"2019-01-21T21:41:20.201Z"},"Equipment_ID":360,"Equipment_Name":"Laptop","Equipment_brand":"HP","Date_purchased":{"$date":"2015-09-13T05:32:20.201Z"},"Serial_Number":79206,"Room_Number":"","Building":"","IT_Staff_Code":"SS","IT_Staff_Title":"Mr","IT_Staff_Forname":"Samuel","IT_Staff_Surname":"Simpson","IT_Staff_Role":"IT Technician"}
{"_id":{"$oid":"5ca3799604ab4768938819c4"},"Ticket_ID":27,"Staff Code":"JH","Staff_Title":"Mr","Staff_Forname":"James","Staff_Surname":"Holden","Staff_Department":"Business, IT \u0026 Media","Staff_Role":"Head of Business Department","Date_Opened":{"$date":"2019-01-11T21:31:20.201Z"},"Category":"IT","Category_Type":"Internet Access","Problem_Description":"Could you check the internet access for a pupil in year 11 - she's tried to access the internet period 3 but can't get on.","Priority":"Low","Resolved":"Y","Action taken":"Pupil had been added to the internet ban list by a member of staff, now removed ","Date_Closed":{"$date":"2019-01-11T21:31:20.201Z"},"Equipment_ID":"","Equipment_Name":"","Equipment_brand":"","Date_purchased":"","Serial_Number":"","Room_Number":"","Building":"","IT_Staff_Code":"KN","IT_Staff_Title":"Mr","IT_Staff_Forname":"Kevin","IT_Staff_Surname":"Nickson","IT_Staff_Role":"IT Manager"}
{"_id":{"$oid":"5ca3799604ab4768938819c5"},"Ticket_ID":28,"Staff Code":"ALC","Staff_Title":"Mr","Staff_Forname":"Andrew","Staff_Surname":"Lawrence-Cunningham","Staff_Department":"English","Staff_Role":"Teacher","Date_Opened":{"$date":"2019-01-14T21:34:20.201Z"},"Category":"IT","Category_Type":"Printer","Problem_Description":"When printing to the main building printer, there is a solid black line being produced on the printouts","Priority":"Low","Resolved":"Y","Action taken":"Took back to manufactuer and it is now fixed","Date_Closed":{"$date":"2019-01-21T21:41:20.201Z"},"Equipment_ID":340,"Equipment_Name":"Printer","Equipment_brand":"Epson","Date_purchased":{"$date":"2013-08-27T04:47:20.201Z"},"Serial_Number":98002,"Room_Number":"","Building":"Main Building","IT_Staff_Code":"KN","IT_Staff_Title":"Mr","IT_Staff_Forname":"Kevin","IT_Staff_Surname":"Nickson","IT_Staff_Role":"IT Manager"}
{"_id":{"$oid":"5ca3799604ab4768938819c6"},"Ticket_ID":29,"Staff Code":"JM","Staff_Title":"Miss","Staff_Forname":"Jennifer","Staff_Surname":"Myles","Staff_Department":"Performing Arts","Staff_Role":"Teacher","Date_Opened":{"$date":"2019-01-14T21:34:20.201Z"},"Category":"Software","Category_Type":"Laptop","Problem_Description":"He is unable to print any work off his laptop. The message says that it is off line and just keeps asking it to save","Priority":"Medium","Resolved":"Y","Action taken":"No printers were installed. I have now installed them remotely","Date_Closed":{"$date":"2019-01-14T21:34:20.201Z"},"Equipment_ID":348,"Equipment_Name":"Laptop","Equipment_brand":"Dell","Date_purchased":{"$date":"2017-09-02T05:21:20.201Z"},"Serial_Number":54004,"Room_Number":"","Building":"","IT_Staff_Code":"RG","IT_Staff_Title":"Miss","IT_Staff_Forname":"Rachel","IT_Staff_Surname":"Green","IT_Staff_Role":"IT Technician"}
{"_id":{"$oid":"5ca3799604ab4768938819c7"},"Ticket_ID":30,"Staff Code":"IB","Staff_Title":"Mr","Staff_Forname":"Ian","Staff_Surname":"Braithwaite","Staff_Department":"P.E.","Staff_Role":"Head of KS4 Physical Education","Date_Opened":{"$date":"2019-01-14T21:34:20.201Z"},"Category":"Hardware","Category_Type":"Two-way radio","Problem_Description":"Two-way radio has dies","Priority":"Medium","Resolved":"Y","Action taken":"Fitted new batteries","Date_Closed":{"$date":"2019-01-14T21:34:20.201Z"},"Equipment_ID":394,"Equipment_Name":"Two-way Radio","Equipment_brand":"Motorola","Date_purchased":{"$date":"2017-08-06T04:25:20.201Z"},"Serial_Number":67430,"Room_Number":"","Building":"","IT_Staff_Code":"SS","IT_Staff_Title":"Mr","IT_Staff_Forname":"Samuel","IT_Staff_Surname":"Simpson","IT_Staff_Role":"IT Technician"}
{"_id":{"$oid":"5ca3799604ab4768938819c8"},"Ticket_ID":31,"Staff Code":"IF","Staff_Title":"Mrs","Staff_Forname":"Isabelle","Staff_Surname":"Fleetwood","Staff_Department":"Business, IT \u0026 Media","Staff_Role":"Teacher","Date_Opened":{"$date":"2019-01-14T21:34:20.201Z"},"Category":"Software","Category_Type":"SIMS","Problem_Description":"Please install SIMS on three PCs in M14 so I can train staff after school on 17th January","Priority":"High","Resolved":"Y","Action taken":"Installed","Date_Closed":{"$date":"2019-01-14T21:34:20.201Z"},"Equipment_ID":[270,271,272],"Equipment_Name":"Systems Unit","Equipment_brand":["HP","HP","HP"],"Date_purchased":[{"$date":"2016-08-21T00:00:00.201Z"},{"$date":"2016-08-21T00:00:00.201Z"},{"$date":"2016-08-21T00:00:00.201Z"}],"Serial_Number":[44305,44306,44307],"Room_Number":["M14","M14","M14"],"Building":"Main Building","IT_Staff_Code":"RG","IT_Staff_Title":"Miss","IT_Staff_Forname":"Rachel","IT_Staff_Surname":"Green","IT_Staff_Role":"IT Technician"}
{"_id":{"$oid":"5ca3799604ab4768938819c9"},"Ticket_ID":32,"Staff Code":"TH","Staff_Title":"Mr","Staff_Forname":"Thomas","Staff_Surname":"Harris","Staff_Department":"Performing Arts","Staff_Role":"Head of Performing Arts Department","Date_Opened":{"$date":"2019-01-15T21:35:20.201Z"},"Category":"IT","Category_Type":"YouTube","Problem_Description":"Unblock youtube for one lesson P3","Priority":"Low","Resolved":"Y","Action taken":"YouTube unlocked for lesson","Date_Closed":{"$date":"2019-01-15T21:35:20.201Z"},"Equipment_ID":298,"Equipment_Name":"System Unit","Equipment_brand":"Logitech","Date_purchased":{"$date":"2014-08-31T04:50:20.201Z"},"Serial_Number":42113,"Room_Number":"PA1","Building":"Performing Arts","IT_Staff_Code":"SS","IT_Staff_Title":"Mr","IT_Staff_Forname":"Samuel","IT_Staff_Surname":"Simpson","IT_Staff_Role":"IT Technician"}
{"_id":{"$oid":"5ca3799604ab4768938819ca"},"Ticket_ID":33,"Staff Code":"VA","Staff_Title":"Miss","Staff_Forname":"Victoria","Staff_Surname":"Appleton","Staff_Department":"Humanities","Staff_Role":"Teacher","Date_Opened":{"$date":"2019-01-16T21:36:20.201Z"},"Category":"Software","Category_Type":"Monitor","Problem_Description":"Screen isn't working - its just blue","Priority":"Medium","Resolved":"Y","Action taken":"Took back to manufactuer and it is now fixed","Date_Closed":{"$date":"2019-01-21T21:41:20.201Z"},"Equipment_ID":68,"Equipment_Name":"Monitor","Equipment_brand":"Logitech","Date_purchased":{"$date":"2014-08-31T04:50:20.201Z"},"Serial_Number":12111,"Room_Number":"H4","Building":"Humanities","IT_Staff_Code":"KN","IT_Staff_Title":"Mr","IT_Staff_Forname":"Kevin","IT_Staff_Surname":"Nickson","IT_Staff_Role":"IT Manager"}
{"_id":{"$oid":"5ca3799604ab4768938819cb"},"Ticket_ID":34,"Staff Code":"MG","Staff_Title":"Mr","Staff_Forname":"Micheal","Staff_Surname":"Gledhill","Staff_Department":"Maths","Staff_Role":"Head of Maths Department","Date_Opened":{"$date":"2019-01-16T21:36:20.201Z"},"Category":"Software","Category_Type":"MicrosoftOffice","Problem_Description":"Powerpoint wont open and when it finally does it just crashes","Priority":"High","Resolved":"Y","Action taken":"Uninstalled and Installed Powerpoint","Date_Closed":{"$date":"2019-01-16T21:36:20.201Z"},"Equipment_ID":"","Equipment_Name":"","Equipment_brand":"","Date_purchased":"","Serial_Number":"","Room_Number":"","Building":"","IT_Staff_Code":"KN","IT_Staff_Title":"Mr","IT_Staff_Forname":"Kevin","IT_Staff_Surname":"Nickson","IT_Staff_Role":"IT Manager"}
{"_id":{"$oid":"5ca3799604ab4768938819cc"},"Ticket_ID":35,"Staff Code":"MW","Staff_Title":"Mr","Staff_Forname":"Matthew","Staff_Surname":"Whitehall","Staff_Department":"Languages","Staff_Role":"Teacher","Date_Opened":{"$date":"2019-01-16T21:36:20.201Z"},"Category":"IT","Category_Type":"Laptop","Problem_Description":"Unable to open the remote access portal","Priority":"Low","Resolved":"Y","Action taken":"Took back to manufactuer and it is now fixed","Date_Closed":{"$date":"2019-01-21T21:41:20.201Z"},"Equipment_ID":355,"Equipment_Name":"Laptop","Equipment_brand":"HP","Date_purchased":{"$date":"2015-08-13T04:32:20.201Z"},"Serial_Number":79201,"Room_Number":"","Building":"","IT_Staff_Code":"SS","IT_Staff_Title":"Mr","IT_Staff_Forname":"Samuel","IT_Staff_Surname":"Simpson","IT_Staff_Role":"IT Technician"}
{"_id":{"$oid":"5ca3799604ab4768938819cd"},"Ticket_ID":36,"Staff Code":"EE","Staff_Title":"Mrs","Staff_Forname":"Eugine","Staff_Surname":"Edwards","Staff_Department":"Adminstration","Staff_Role":"Administative assistant","Date_Opened":{"$date":"2019-01-16T21:36:20.201Z"},"Category":"Software","Category_Type":"SIMS","Problem_Description":"Run census patch this evening","Priority":"High","Resolved":"Y","Action taken":"Ran Census","Date_Closed":{"$date":"2019-01-16T21:36:20.201Z"},"Equipment_ID":"","Equipment_Name":"","Equipment_brand":"","Date_purchased":"","Serial_Number":"","Room_Number":"","Building":"","IT_Staff_Code":"KN","IT_Staff_Title":"Mr","IT_Staff_Forname":"Kevin","IT_Staff_Surname":"Nickson","IT_Staff_Role":"IT Manager"}
{"_id":{"$oid":"5ca3799604ab4768938819ce"},"Ticket_ID":37,"Staff Code":"NC","Staff_Title":"Mrs","Staff_Forname":"Nicola","Staff_Surname":"Calderbank","Staff_Department":"Adminstration","Staff_Role":"Exams Officer","Date_Opened":{"$date":"2019-01-17T21:37:20.201Z"},"Category":"IT","Category_Type":"Printer","Problem_Description":"SLT corridor printer has a misfeed","Priority":"High","Resolved":"Y","Action taken":"Reset Printer","Date_Closed":{"$date":"2019-01-17T21:37:20.201Z"},"Equipment_ID":339,"Equipment_Name":"Printer","Equipment_brand":"Epson","Date_purchased":{"$date":"2013-08-28T04:47:20.201Z"},"Serial_Number":98001,"Room_Number":"","Building":"SLT Corridor","IT_Staff_Code":"RG","IT_Staff_Title":"Miss","IT_Staff_Forname":"Rachel","IT_Staff_Surname":"Green","IT_Staff_Role":"IT Technician"}
{"_id":{"$oid":"5ca3799604ab4768938819cf"},"Ticket_ID":38,"Staff Code":"NN","Staff_Title":"Mr","Staff_Forname":"Nigel","Staff_Surname":"Newns","Staff_Department":"Science","Staff_Role":"Head of KS4 Science","Date_Opened":{"$date":"2019-01-17T21:37:20.201Z"},"Category":"Hardware","Category_Type":"Interactive Projector","Problem_Description":"The projector remote is not working. I've tried changing the batteries but this has made no difference","Priority":"Medium","Resolved":"Y","Action taken":"Took back to manufactuer and it is now fixed","Date_Closed":{"$date":"2019-01-28T21:48:20.201Z"},"Equipment_ID":325,"Equipment_Name":"Interactive Projector","Equipment_brand":"Epson","Date_purchased":{"$date":"2015-08-06T04:25:20.201Z"},"Serial_Number":72321,"Room_Number":"S5","Building":"Science","IT_Staff_Code":"SS","IT_Staff_Title":"Mr","IT_Staff_Forname":"Samuel","IT_Staff_Surname":"Simpson","IT_Staff_Role":"IT Technician"}
{"_id":{"$oid":"5ca3799604ab4768938819d0"},"Ticket_ID":39,"Staff Code":"EJ","Staff_Title":"Mrs","Staff_Forname":"Elizibeth","Staff_Surname":"Jenkins","Staff_Department":"Humanities","Staff_Role":"Head of History Department","Date_Opened":{"$date":"2019-01-17T21:37:20.201Z"},"Category":"Hardware","Category_Type":"Printer","Problem_Description":"The printer needs a new Cyan toner","Priority":"Medium","Resolved":"Y","Action taken":"Replaced toner","Date_Closed":{"$date":"2019-01-17T21:37:20.201Z"},"Equipment_ID":342,"Equipment_Name":"Printer","Equipment_brand":"Epson","Date_purchased":{"$date":"2013-08-27T04:31:20.201Z"},"Serial_Number":46202,"Room_Number":"","Building":"Humanities","IT_Staff_Code":"SS","IT_Staff_Title":"Mr","IT_Staff_Forname":"Samuel","IT_Staff_Surname":"Simpson","IT_Staff_Role":"IT Technician"}
{"_id":{"$oid":"5ca3799604ab4768938819d1"},"Ticket_ID":40,"Staff Code":"NH","Staff_Title":"Mrs","Staff_Forname":"Nicola","Staff_Surname":"Hay","Staff_Department":"Maths","Staff_Role":"Assistant-Head Teacher","Date_Opened":{"$date":"2019-01-18T21:38:20.201Z"},"Category":"Hardware","Category_Type":"Interactive Projector","Problem_Description":"Can?t switch on the interactive whiteboard","Priority":"Low","Resolved":"Y","Action taken":"Re-plugged the device as not fully plugged in","Date_Closed":{"$date":"2019-01-18T21:38:20.201Z"},"Equipment_ID":329,"Equipment_Name":"Interactive Projector","Equipment_brand":"Epson","Date_purchased":{"$date":"2015-08-06T04:25:20.201Z"},"Serial_Number":72325,"Room_Number":"MA4","Building":"Mathematics","IT_Staff_Code":"KN","IT_Staff_Title":"Mr","IT_Staff_Forname":"Kevin","IT_Staff_Surname":"Nickson","IT_Staff_Role":"IT Manager"}
{"_id":{"$oid":"5ca3799604ab4768938819d2"},"Ticket_ID":41,"Staff Code":"SS","Staff_Title":"Miss","Staff_Forname":"Sophie","Staff_Surname":"Swift","Staff_Department":"English","Staff_Role":"Teacher","Date_Opened":{"$date":"2019-01-21T21:41:20.201Z"},"Category":"Software","Category_Type":"Systems Unit","Problem_Description":"Can?t print from a website, printing fine from word","Priority":"High","Resolved":"Y","Action taken":"Reset Internet explorer then it worked","Date_Closed":{"$date":"2019-01-21T21:41:20.201Z"},"Equipment_ID":"","Equipment_Name":"","Equipment_brand":"","Date_purchased":"","Serial_Number":"","Room_Number":"","Building":"","IT_Staff_Code":"SS","IT_Staff_Title":"Mr","IT_Staff_Forname":"Samuel","IT_Staff_Surname":"Simpson","IT_Staff_Role":"IT Technician"}
{"_id":{"$oid":"5ca3799604ab4768938819d3"},"Ticket_ID":42,"Staff Code":"EB","Staff_Title":"Ms","Staff_Forname":"Ella","Staff_Surname":"Burrows","Staff_Department":"Languages","Staff_Role":"Head of KS5 Languages","Date_Opened":{"$date":"2019-01-21T21:41:20.201Z"},"Category":"IT","Category_Type":"YouTube","Problem_Description":"Unblock youtube for one lesson P4","Priority":"Low","Resolved":"Y","Action taken":"YouTube unlocked for lesson","Date_Closed":{"$date":"2019-01-21T21:41:20.201Z"},"Equipment_ID":241,"Equipment_Name":"System Unit","Equipment_brand":"Dell","Date_purchased":{"$date":"2017-08-01T21:38:20.201Z"},"Serial_Number":40013,"Room_Number":"L3","Building":"Languages","IT_Staff_Code":"RG","IT_Staff_Title":"Miss","IT_Staff_Forname":"Rachel","IT_Staff_Surname":"Green","IT_Staff_Role":"IT Technician"}
{"_id":{"$oid":"5ca3799604ab4768938819d4"},"Ticket_ID":43,"Staff Code":"CW","Staff_Title":"Miss","Staff_Forname":"Caitlin","Staff_Surname":"Walton","Staff_Department":"Science","Staff_Role":"Teacher","Date_Opened":{"$date":"2019-01-21T21:41:20.201Z"},"Category":"IT","Category_Type":"Folders","Problem_Description":"Acidentially deleted some files from the science folder, \"unit 10 - using resources\", retrieve files if possible.  ","Priority":"High","Resolved":"Y","Action taken":"Files retrieved","Date_Closed":{"$date":"2019-01-21T21:41:20.201Z"},"Equipment_ID":"","Equipment_Name":"","Equipment_brand":"","Date_purchased":"","Serial_Number":"","Room_Number":"","Building":"","IT_Staff_Code":"KN","IT_Staff_Title":"Mr","IT_Staff_Forname":"Kevin","IT_Staff_Surname":"Nickson","IT_Staff_Role":"IT Manager"}
{"_id":{"$oid":"5ca3799604ab4768938819d5"},"Ticket_ID":44,"Staff Code":"AH","Staff_Title":"Mr","Staff_Forname":"Anthony","Staff_Surname":"Hay","Staff_Department":"Science","Staff_Role":"Head of Science Department","Date_Opened":{"$date":"2019-01-21T21:41:20.201Z"},"Category":"Hardware","Category_Type":"Printer","Problem_Description":"Replace the black toner cartridge","Priority":"Medium","Resolved":"Y","Action taken":"Replaced toner","Date_Closed":{"$date":"2019-01-21T21:41:20.201Z"},"Equipment_ID":344,"Equipment_Name":"Printer","Equipment_brand":"Epson","Date_purchased":{"$date":"2013-08-27T07:41:20.201Z"},"Serial_Number":46204,"Room_Number":"","Building":"Science","IT_Staff_Code":"SS","IT_Staff_Title":"Mr","IT_Staff_Forname":"Samuel","IT_Staff_Surname":"Simpson","IT_Staff_Role":"IT Technician"}
{"_id":{"$oid":"5ca3799604ab4768938819d6"},"Ticket_ID":45,"Staff Code":"EH","Staff_Title":"Mrs","Staff_Forname":"Emily","Staff_Surname":"Hughes","Staff_Department":"P.E.","Staff_Role":"Head of Physical Education Department","Date_Opened":{"$date":"2019-01-22T21:42:20.201Z"},"Category":"IT","Category_Type":"Folders","Problem_Description":"Assign folder permissions for staff folders","Priority":"Medium","Resolved":"Y","Action taken":"Permissions Assigned","Date_Closed":{"$date":"2019-01-22T21:42:20.201Z"},"Equipment_ID":"","Equipment_Name":"","Equipment_brand":"","Date_purchased":"","Serial_Number":"","Room_Number":"","Building":"","IT_Staff_Code":"KN","IT_Staff_Title":"Mr","IT_Staff_Forname":"Kevin","IT_Staff_Surname":"Nickson","IT_Staff_Role":"IT Manager"}
{"_id":{"$oid":"5ca3799604ab4768938819d7"},"Ticket_ID":46,"Staff Code":"CL","Staff_Title":"Mr","Staff_Forname":"Craig","Staff_Surname":"Livingstone","Staff_Department":"Psychology \u0026 Law","Staff_Role":"Head of KS4 Psychology \u0026 Law","Date_Opened":{"$date":"2019-01-22T21:42:20.201Z"},"Category":"IT","Category_Type":"YouTube","Problem_Description":"Unblock youtube for one lesson tomorrow P1","Priority":"Low","Resolved":"Y","Action taken":"YouTube unlocked for lesson","Date_Closed":{"$date":"2019-01-22T21:42:20.201Z"},"Equipment_ID":286,"Equipment_Name":"System Unit","Equipment_brand":"Logitech","Date_purchased":{"$date":"2014-08-31T04:50:20.201Z"},"Serial_Number":42101,"Room_Number":"M15","Building":"Main Building","IT_Staff_Code":"RG","IT_Staff_Title":"Miss","IT_Staff_Forname":"Rachel","IT_Staff_Surname":"Green","IT_Staff_Role":"IT Technician"}
{"_id":{"$oid":"5ca3799604ab4768938819d8"},"Ticket_ID":47,"Staff Code":"IR","Staff_Title":"Miss","Staff_Forname":"Iola","Staff_Surname":"Roberts","Staff_Department":"P.E.","Staff_Role":"Head of KS5 Physical Education","Date_Opened":{"$date":"2019-01-23T21:43:20.201Z"},"Category":"Software","Category_Type":"Laptop","Problem_Description":"Laptop cannot connect to the printer","Priority":"Low","Resolved":"Y","Action taken":"Reset device, can now connect","Date_Closed":{"$date":"2019-01-23T21:43:20.201Z"},"Equipment_ID":364,"Equipment_Name":"Laptop","Equipment_brand":"HP","Date_purchased":{"$date":"2015-08-13T04:32:20.201Z"},"Serial_Number":79210,"Room_Number":"","Building":"","IT_Staff_Code":"SS","IT_Staff_Title":"Mr","IT_Staff_Forname":"Samuel","IT_Staff_Surname":"Simpson","IT_Staff_Role":"IT Technician"}
{"_id":{"$oid":"5ca3799604ab4768938819d9"},"Ticket_ID":48,"Staff Code":"JB","Staff_Title":"Ms","Staff_Forname":"Jessica","Staff_Surname":"Bullen","Staff_Department":"Business, IT \u0026 Media","Staff_Role":"Teacher","Date_Opened":{"$date":"2019-01-24T21:44:20.201Z"},"Category":"Software","Category_Type":"Systems Unit","Problem_Description":"Desktop computer isn't connected to the internet. There's a little computer icon in the corner with a red X on it","Priority":"Medium","Resolved":"Y","Action taken":"Ethernet cable had come loose, now re-plugged in","Date_Closed":{"$date":"2019-01-24T21:44:20.201Z"},"Equipment_ID":304,"Equipment_Name":"System Unit","Equipment_brand":"Apple","Date_purchased":{"$date":"2018-08-19T04:38:20.201Z"},"Serial_Number":4005,"Room_Number":"M16","Building":"Main Building","IT_Staff_Code":"SS","IT_Staff_Title":"Mr","IT_Staff_Forname":"Samuel","IT_Staff_Surname":"Simpson","IT_Staff_Role":"IT Technician"}
{"_id":{"$oid":"5ca3799604ab4768938819da"},"Ticket_ID":49,"Staff Code":"CC","Staff_Title":"Miss","Staff_Forname":"Chloe","Staff_Surname":"Chadwick","Staff_Department":"P.E.","Staff_Role":"Teacher","Date_Opened":{"$date":"2019-01-25T21:45:20.201Z"},"Category":"IT","Category_Type":"Folders","Problem_Description":"Work Missing from Staff Area folder, please can you locate it","Priority":"Medium","Resolved":"Y","Action taken":"Files retrieved","Date_Closed":{"$date":"2019-01-25T21:45:20.201Z"},"Equipment_ID":"","Equipment_Name":"","Equipment_brand":"","Date_purchased":"","Serial_Number":"","Room_Number":"","Building":"","IT_Staff_Code":"RG","IT_Staff_Title":"Miss","IT_Staff_Forname":"Rachel","IT_Staff_Surname":"Green","IT_Staff_Role":"IT Technician"}
{"_id":{"$oid":"5ca3799604ab4768938819db"},"Ticket_ID":50,"Staff Code":"PD","Staff_Title":"Mr","Staff_Forname":"Peter","Staff_Surname":"Daniels","Staff_Department":"English","Staff_Role":"Head of English Department","Date_Opened":{"$date":"2019-01-25T21:45:20.201Z"},"Category":"Software","Category_Type":"SIMS","Problem_Description":"Unable to log onto SIMS","Priority":"High","Resolved":"Y","Action taken":"Re-set the password","Date_Closed":{"$date":"2019-01-25T21:45:20.201Z"},"Equipment_ID":"","Equipment_Name":"","Equipment_brand":"","Date_purchased":"","Serial_Number":"","Room_Number":"","Building":"","IT_Staff_Code":"KN","IT_Staff_Title":"Mr","IT_Staff_Forname":"Kevin","IT_Staff_Surname":"Nickson","IT_Staff_Role":"IT Manager"}
{"_id":{"$oid":"5ca3799604ab4768938819dc"},"Ticket_ID":51,"Staff Code":"DP","Staff_Title":"Mrs","Staff_Forname":"Deborah","Staff_Surname":"Parker","Staff_Department":"English","Staff_Role":"Head of KS4 English","Date_Opened":{"$date":"2019-01-28T21:48:20.201Z"},"Category":"Hardware","Category_Type":"Two-way radio","Problem_Description":"The speaker has broken","Priority":"High","Resolved":"N","Action taken":"Took back to manufactuer to be fixed","Date_Closed":"","Equipment_ID":367,"Equipment_Name":"Two-way Radio","Equipment_brand":"Motorola","Date_purchased":{"$date":"2017-08-06T04:25:20.201Z"},"Serial_Number":67403,"Room_Number":"","Building":"","IT_Staff_Code":"SS","IT_Staff_Title":"Mr","IT_Staff_Forname":"Samuel","IT_Staff_Surname":"Simpson","IT_Staff_Role":"IT Technician"}
{"_id":{"$oid":"5ca3799604ab4768938819dd"},"Ticket_ID":52,"Staff Code":"LS","Staff_Title":"Mr","Staff_Forname":"Liam","Staff_Surname":"Smith","Staff_Department":"Maths","Staff_Role":"Head of KS4 Maths","Date_Opened":{"$date":"2019-01-28T21:48:20.201Z"},"Category":"Software","Category_Type":"MicrosoftOffice","Problem_Description":"Word keeps crashing","Priority":"High","Resolved":"Y","Action taken":"Uninstalled and Installed Word","Date_Closed":{"$date":"2019-01-28T21:48:20.201Z"},"Equipment_ID":"","Equipment_Name":"","Equipment_brand":"","Date_purchased":"","Serial_Number":"","Room_Number":"","Building":"","IT_Staff_Code":"RG","IT_Staff_Title":"Miss","IT_Staff_Forname":"Rachel","IT_Staff_Surname":"Green","IT_Staff_Role":"IT Technician"}
{"_id":{"$oid":"5ca3799604ab4768938819de"},"Ticket_ID":53,"Staff Code":"BJ","Staff_Title":"Mr","Staff_Forname":"Benjamin","Staff_Surname":"James","Staff_Department":"Humanities","Staff_Role":"Head of Geography Department","Date_Opened":{"$date":"2019-01-29T21:49:20.201Z"},"Category":"Hardware","Category_Type":"Keyboard","Problem_Description":"Some of the letter keys do not work","Priority":"High","Resolved":"N","Action taken":"Took back to manufactuer to be fixed","Date_Closed":"","Equipment_ID":142,"Equipment_Name":"Keyboard","Equipment_brand":"Logitech","Date_purchased":{"$date":"2014-08-31T04:50:20.201Z"},"Serial_Number":22109,"Room_Number":"H2","Building":"Humanities","IT_Staff_Code":"KN","IT_Staff_Title":"Mr","IT_Staff_Forname":"Kevin","IT_Staff_Surname":"Nickson","IT_Staff_Role":"IT Manager"}
{"_id":{"$oid":"5ca3799604ab4768938819df"},"Ticket_ID":54,"Staff Code":"AA","Staff_Title":"Ms","Staff_Forname":"Amy","Staff_Surname":"Armstrong","Staff_Department":"Science","Staff_Role":"Teacher","Date_Opened":{"$date":"2019-01-29T21:49:20.201Z"},"Category":"Software","Category_Type":"SIMS","Problem_Description":"Can't find my class' register","Priority":"High","Resolved":"Y","Action taken":"Added class to teacher's register","Date_Closed":{"$date":"2019-01-29T21:49:20.201Z"},"Equipment_ID":"","Equipment_Name":"","Equipment_brand":"","Date_purchased":"","Serial_Number":"","Room_Number":"","Building":"","IT_Staff_Code":"SS","IT_Staff_Title":"Mr","IT_Staff_Forname":"Samuel","IT_Staff_Surname":"Simpson","IT_Staff_Role":"IT Technician"}
{"_id":{"$oid":"5ca3799604ab4768938819e0"},"Ticket_ID":55,"Staff Code":"RM","Staff_Title":"Mrs","Staff_Forname":"Rebecca","Staff_Surname":"Maguire","Staff_Department":"Performing Arts","Staff_Role":"Teacher","Date_Opened":{"$date":"2019-01-30T21:50:20.201Z"},"Category":"IT","Category_Type":"YouTube","Problem_Description":"Unblock youtube for one lesson P2","Priority":"Low","Resolved":"Y","Action taken":"YouTube unlocked for lesson","Date_Closed":{"$date":"2019-01-30T21:50:20.201Z"},"Equipment_ID":299,"Equipment_Name":"System Unit","Equipment_brand":"Logitech","Date_purchased":{"$date":"2014-08-31T04:50:20.201Z"},"Serial_Number":42114,"Room_Number":"PA2","Building":"Performing Arts","IT_Staff_Code":"RG","IT_Staff_Title":"Miss","IT_Staff_Forname":"Rachel","IT_Staff_Surname":"Green","IT_Staff_Role":"IT Technician"}
{"_id":{"$oid":"5ca3799604ab4768938819e1"},"Ticket_ID":56,"Staff Code":"SP","Staff_Title":"Mr","Staff_Forname":"Shane","Staff_Surname":"Peters","Staff_Department":"Maths","Staff_Role":"Teacher","Date_Opened":{"$date":"2019-01-30T21:50:20.201Z"},"Category":"Hardware","Category_Type":"Laptop","Problem_Description":"The mouse pad does not work","Priority":"Medium","Resolved":"N","Action taken":"Took back to manufactuer to be fixed","Date_Closed":"","Equipment_ID":"","Equipment_Name":"","Equipment_brand":"","Date_purchased":"","Serial_Number":"","Room_Number":"","Building":"","IT_Staff_Code":"SS","IT_Staff_Title":"Mr","IT_Staff_Forname":"Samuel","IT_Staff_Surname":"Simpson","IT_Staff_Role":"IT Technician"}
{"_id":{"$oid":"5ca3799604ab4768938819e2"},"Ticket_ID":57,"Staff Code":"DH","Staff_Title":"Mr","Staff_Forname":"David","Staff_Surname":"Hill","Staff_Department":"Business, IT \u0026 Media","Staff_Role":"Head of IT Department","Date_Opened":{"$date":"2019-01-30T21:50:20.201Z"},"Category":"IT","Category_Type":"Internet Access","Problem_Description":"Could you check the internet access for a pupil in year 8 - he's tried to access the internet period 1 but can't get on.","Priority":"Low","Resolved":"Y","Action taken":"Pupil had been added to the internet ban list by a member of staff, now removed ","Date_Closed":{"$date":"2019-01-30T21:50:20.201Z"},"Equipment_ID":"","Equipment_Name":"","Equipment_brand":"","Date_purchased":"","Serial_Number":"","Room_Number":"","Building":"","IT_Staff_Code":"KN","IT_Staff_Title":"Mr","IT_Staff_Forname":"Kevin","IT_Staff_Surname":"Nickson","IT_Staff_Role":"IT Manager"}
{"_id":{"$oid":"5ca3799604ab4768938819e3"},"Ticket_ID":58,"Staff Code":"EH","Staff_Title":"Mrs","Staff_Forname":"Emily","Staff_Surname":"Hughes","Staff_Department":"P.E.","Staff_Role":"Head of Physical Education Department","Date_Opened":{"$date":"2019-01-31T21:51:20.201Z"},"Category":"IT","Category_Type":"Folders","Problem_Description":"Work Missing from Staff Area folder, please can you locate it","Priority":"Medium","Resolved":"Y","Action taken":"Files retrieved","Date_Closed":{"$date":"2019-01-31T21:51:20.201Z"},"Equipment_ID":"","Equipment_Name":"","Equipment_brand":"","Date_purchased":"","Serial_Number":"","Room_Number":"","Building":"","IT_Staff_Code":"KN","IT_Staff_Title":"Mr","IT_Staff_Forname":"Kevin","IT_Staff_Surname":"Nickson","IT_Staff_Role":"IT Manager"}
{"_id":{"$oid":"5ca3799604ab4768938819e4"},"Ticket_ID":59,"Staff Code":"JH","Staff_Title":"Mr","Staff_Forname":"James","Staff_Surname":"Holden","Staff_Department":"Business, IT \u0026 Media","Staff_Role":"Head of Business Department","Date_Opened":{"$date":"2019-02-01T22:21:20.201Z"},"Category":"Hardware","Category_Type":"Mouse","Problem_Description":"The scroller on the mouse does not work","Priority":"Medium","Resolved":"N","Action taken":"Took back to manufactuer to be fixed","Date_Closed":"","Equipment_ID":181,"Equipment_Name":"Mouse","Equipment_brand":"Dell","Date_purchased":{"$date":"2017-08-02T04:21:20.201Z"},"Serial_Number":30029,"Room_Number":"M13","Building":"Main Building","IT_Staff_Code":"RG","IT_Staff_Title":"Miss","IT_Staff_Forname":"Rachel","IT_Staff_Surname":"Green","IT_Staff_Role":"IT Technician"}
{"_id":{"$oid":"5ca3799604ab4768938819e5"},"Ticket_ID":60,"Staff Code":"PE","Staff_Title":"Miss","Staff_Forname":"Paula","Staff_Surname":"Evans","Staff_Department":"Adminstration","Staff_Role":"Events Coordinator","Date_Opened":{"$date":"2019-02-01T22:21:20.201Z"},"Category":"Hardware","Category_Type":"Printer","Problem_Description":"Replace the yellow toner cartridge","Priority":"Medium","Resolved":"Y","Action taken":"Replaced toner","Date_Closed":{"$date":"2019-02-01T22:21:20.201Z"},"Equipment_ID":339,"Equipment_Name":"Printer","Equipment_brand":"Epson","Date_purchased":{"$date":"2013-08-27T04:47:20.201Z"},"Serial_Number":98001,"Room_Number":"","Building":"SLT Corridor","IT_Staff_Code":"SS","IT_Staff_Title":"Mr","IT_Staff_Forname":"Samuel","IT_Staff_Surname":"Simpson","IT_Staff_Role":"IT Technician"}
