Ticket_ID,Staff Code,Staff_Title,Staff_Forname,Staff_Surname,Staff_Department,Staff_Role,Date_Opened,Category,Category_Type,Problem_Description,Priority,Resolved,Action taken,Date_Closed,Equipment_ID,Equipment_Name,Equipment_brand,Date_purchased,Serial_Number,Room_Number,Building,IT_Staff_Code,IT_Staff_Title,IT_Staff_Forname,IT_Staff_Surname,IT_Staff_Role
1,FZ,Dr,Fiona,Zaeem,English,Head Teacher,17/12/2018,Software,Monitor,UI does not appear on screen ,Medium,Y,HDMI cable fully inserted into socket,17/12/2018,12,Monitor,Dell,01/08/2017,10012,L2,Languages,KN,Mr,Kevin ,Nickson,IT Manager
2,AMQ,Mr ,Arther,McQuillian,Science,Head of KS5 Science,17/12/2018,Software,SIMS,Can't take the register ,High,Y,Needed to log in as a different teacher,17/12/2018,,,,,,,,RG,Miss,Rachel,Green,IT Technician
3,BJ,Mr,Benjamin,James,Humanities,Head of Geography Department,18/12/2018,Hardware,Systems Unit,The computer won't turn on,Medium,Y,Took back to manufactuer and it is now fixed,14/01/2019,293,System Unit,Logitech,30/08/2014,42108,H1,Humanities,SS,Mr,Samuel,Simpson,IT Technician
4,DT,Mr,Daniel,Thatcher,Psychology & Law,Head of Psychology & Law Department,19/12/2018,Software,Interactive Projector,"Even though the sound and the Interactive Projector pen work, the Interactive projector will not display an image. ",High,Y,Took back to manufactuer and it is now fixed,07/01/2019,309,Interactive Projector,Epson,05/08/2015,72305,M5,Main Building,RG,Miss,Rachel,Green,IT Technician
5,HK,Ms,Heather ,Kannaird,Adminstration,Office Manager,19/12/2018,Software,MicrosoftOffice,Can't log on to the email,Medium,Y,Re-set the password,19/12/2018,,,,,,,,SS,Mr,Samuel,Simpson,IT Technician
6,SP,Mr,Shane,Peters,Maths,Teacher,20/12/2018,Software,Printer,The device does not allow them to log on,Low,Y,Re-set the password,20/12/2018,343,Printer,Epson,11/08/2016,46203,,Mathematics,KN,Mr,Kevin ,Nickson,IT Manager
7,HJ,Ms,Helen,Jones,Languages,Head of Languages Department,20/12/2018,Software,Mouse,The mouse does not move the on-screen clicker on the user interface,Medium,Y,Re-plugged the device as not fully plugged in,20/12/2018,163,Mouse,Dell,01/08/2017,30011,L1,Languages,SS,Mr,Samuel,Simpson,IT Technician
8,NC,Mrs,Nicola,Calderbank,Adminstration,Exams Officer,20/12/2018,Hardware,Keyboard,Some of the letter keys do not work,High,Y,Took back to manufactuer and it is now fixed,14/01/2019,77,Keyboard ,Dell,01/08/2017,20001,A1,SLT Corridor,RG,Miss,Rachel,Green,IT Technician
9,IF,Mrs,Isabelle,Fleetwood,"Business, IT & Media",Teacher,20/12/2018,Hardware,Monitor,Monitor will not turn on,High,Y,Power cable fully inserted into socket,20/12/2018,38,Monitor ,HP,21/08/2016,14301,M14,Main Building,SS,Mr,Samuel,Simpson,IT Technician
10,CL,Mr,Craig,Livingstone,Psychology & Law,Head of KS4 Psychology & Law,21/12/2018,Hardware,Laptop,The mouse pad does not work,Medium,Y,Took back to manufactuer and it is now fixed,14/01/2019,347,Laptop,Dell,01/09/2017,54003,,,KN,Mr,Kevin ,Nickson,IT Manager
11,IR,Miss,Iola,Roberts,P.E.,Head of KS5 Physical Education,07/01/2019,Hardware,Two-way radio ,The radio cannot receive/ send messages,Medium,Y,The wavelength nozzle had been altered to moved to original place,07/01/2019,392,Two-way Radio,Motorola ,05/08/2017,67428,,,RG,Miss,Rachel,Green,IT Technician
12,TH,Mr,Thomas,Harris,Performing Arts,Head of Performing Arts Department,07/01/2019,Hardware,Two-way radio ,The radio can receive but not send messaged,Medium,Y,Took back to manufactuer and it is now fixed,14/01/2019,409,Two-way Radio,Motorola ,05/08/2017,67445,,,KN,Mr,Kevin ,Nickson,IT Manager
13,EC,Ms,Elaine ,Chadwick,Humanities,Head of Religious Studies,07/01/2019,Software,MicrosoftOffice,Can't log on to the email,Low,Y,Re-set the password,07/01/2019,,,,,,,,SS,Mr,Samuel,Simpson,IT Technician
14,KR,Mr,Kasper,Rowlinson,Maths,Teacher,07/01/2019,Software,Printer,Users cannot connect to the device,Medium,Y,The printer was re-set and then devices could connect to it,07/01/2019,343,Printer,Epson,11/08/2016,46203,,,KN,Mr,Kevin ,Nickson,IT Manager
15,NN,Mr,Nigel,Newns,Science,Head of KS4 Science,07/01/2019,Hardware,Mouse,The scroller on the mouse does not work,Medium,Y,Took back to manufactuer and it is now fixed,14/01/2019,207,Mouse,HP,21/08/2016,34318,S3,Science,RG,Miss,Rachel,Green,IT Technician
16,TJ,Mrs,Tracy,Jones,English,Teacher,08/01/2019,Hardware,Keyboard,Some of the letter keys do not work,Medium,Y,Took back to manufactuer and it is now fixed,14/01/2019,104,Keyboard ,Dell,01/08/2017,20028,M13,Main Building,SS,Mr,Samuel,Simpson,IT Technician
17,JB,Ms,Jessica,Bullen,"Business, IT & Media",Teacher,08/01/2019,Hardware,Monitor,The monitor fell on the floor and cracked,High,Y,Took back to manufactuer and it is now fixed,14/01/2019,122,Keyboard ,HP,21/08/2016,24309,M14,Main Building,RG,Miss,Rachel,Green,IT Technician
18,DH,Mr,David,Hill,"Business, IT & Media",Head of IT Department,08/01/2019,Hardware,Systems Unit,The unit is processing really slowly,Low,Y,Re-set the device,08/01/2019,258,System Unit,Dell,01/08/2017,40030,M13,Main Building,KN,Mr,Kevin ,Nickson,IT Manager
19,HK,Ms,Heather ,Kannaird,Adminstration,Office Manager,08/01/2019,Hardware,Two-way radio ,The radio cannot receive/ send messages,Medium,Y,The wavelength nozzle had been altered to moved to original place,08/01/2019,413,Two-way Radio,Motorola ,05/08/2017,67449,,,SS,Mr,Samuel,Simpson,IT Technician
20,EE,Mrs,Eugine ,Edwards,Adminstration,Administative assistant,09/01/2019,Hardware,Systems Unit,The unit is processing really slowly,Low,Y,Re-set the device,09/01/2019,234,System Unit,Dell,01/08/2017,40006,A6,SLT Corridor,KN,Mr,Kevin ,Nickson,IT Manager
21,ED,Mrs,Elise,Donaldson,Maths,Teacher,09/01/2019,Software,MicrosoftOffice,Can't log on to SIMS,Low,Y,Re-set the password,09/01/2019,,,,,,,,RG,Miss,Rachel,Green,IT Technician
22,AMQ,Mr ,Arther,McQuillian,Science,Head of KS5 Science,10/01/2019,Software,SIMS,Can't find my class' register,High,Y,Added class to teacher's register,10/01/2019,,,,,,,,KN,Mr,Kevin ,Nickson,IT Manager
23,CC,Miss,Chloe,Chadwick,P.E.,Teacher,10/01/2019,Hardware,Two-way radio ,The radio cannot receive/ send messages,Medium,Y,The wavelength nozzle had been altered to moved to original place,10/01/2019,392,Two-way Radio,Motorola ,05/08/2017,67428,,,SS,Mr,Samuel,Simpson,IT Technician
24,CF,Mr,Christopher,Fagan,"Business, IT & Media",Head of Media Department,10/01/2019,Software,Monitor,UI does not appear on screen ,Medium,Y,HDMI cable fully inserted into socket,10/01/2019,32,Monitor ,Dell,03/08/2017,10032,M13,Main Building,RG,Miss,Rachel,Green,IT Technician
25,TLC,Mr,Thierry,La Costa,Languages,Teacher,10/01/2019,Hardware,Keyboard,Some of the letter keys do not work,Medium,Y,Took back to manufactuer and it is now fixed,14/01/2019,87,Keyboard ,Dell,01/08/2017,20011,L1,Languages,SS,Mr,Samuel,Simpson,IT Technician
26,CS,Miss,Courtney ,Sharpe,Psychology & Law,Head of KS5 Psychology & Law,11/01/2019,Software,Laptop ,"My laptop isn't printing again, I have tried to install that Paper MF, but nothing is happening",Medium,Y,Took back to manufactuer and it is now fixed,21/01/2019,360,Laptop,HP,12/08/2015,79206,,,SS,Mr,Samuel,Simpson,IT Technician
27,JH,Mr,James,Holden,"Business, IT & Media",Head of Business Department ,11/01/2019,IT,Internet Access,Could you check the internet access for a pupil in year 11 - she's tried to access the internet period 3 but can't get on.,Low,Y,"Pupil had been added to the internet ban list by a member of staff, now removed ",11/01/2019,,,,,,,,KN,Mr,Kevin ,Nickson,IT Manager
28,ALC,Mr,Andrew,Lawrence-Cunningham,English,Teacher,14/01/2019,IT,Printer,"When printing to the main building printer, there is a solid black line being produced on the printouts",Low,Y,Took back to manufactuer and it is now fixed,21/01/2019,340,Printer,Epson,27/08/2013,98002,,Main Building,KN,Mr,Kevin ,Nickson,IT Manager
29,JM,Miss,Jennifer,Myles,Performing Arts ,Teacher,14/01/2019,Software,Laptop,He is unable to print any work off his laptop. The message says that it is off line and just keeps asking it to save,Medium,Y,No printers were installed. I have now installed them remotely,14/01/2019,348,Laptop,Dell,01/09/2017,54004,,,RG,Miss,Rachel,Green,IT Technician
30,IB,Mr,Ian,Braithwaite,P.E.,Head of KS4 Physical Education,14/01/2019,Hardware,Two-way radio ,Two-way radio has dies ,Medium,Y,Fitted new batteries,14/01/2019,394,Two-way Radio,Motorola ,05/08/2017,67430,,,SS,Mr,Samuel,Simpson,IT Technician
31,IF,Mrs,Isabelle,Fleetwood,"Business, IT & Media",Teacher,14/01/2019,Software,SIMS,Please install SIMS on three PCs in M14 so I can train staff after school on 17th January,High ,Y,Installed,14/01/2019,"270,271,272",Systems Unit,"HP, HP, HP","21/08/2016, 21/8/16, 21/8/16","44305, 44306, 44307","M14, M14, M14",Main Building,RG,Miss,Rachel,Green,IT Technician
32,TH,Mr,Thomas,Harris,Performing Arts,Head of Performing Arts Department,15/01/2019,IT,YouTube,Unblock youtube for one lesson P3,Low,Y,YouTube unlocked for lesson,15/01/2019,298,System Unit,Logitech,30/08/2014,42113,PA1,Performing Arts,SS,Mr,Samuel,Simpson,IT Technician
33,VA,Miss,Victoria,Appleton,Humanities,Teacher,16/01/2019,Software,Monitor,Screen isn't working - its just blue,Medium,Y,Took back to manufactuer and it is now fixed,21/01/2019,68,Monitor ,Logitech,30/08/2014,12111,H4,Humanities,KN,Mr,Kevin ,Nickson,IT Manager
34,MG,Mr,Micheal,Gledhill,Maths,Head of Maths Department,16/01/2019,Software,MicrosoftOffice,Powerpoint wont open and when it finally does it just crashes,High,Y,Uninstalled and Installed Powerpoint ,16/01/2019,,,,,,,,KN,Mr,Kevin ,Nickson,IT Manager
35,MW,Mr,Matthew,Whitehall,Languages,Teacher,16/01/2019,IT,Laptop,Unable to open the remote access portal,Low,Y,Took back to manufactuer and it is now fixed,21/01/2019,355,Laptop,HP,12/08/2015,79201,,,SS,Mr,Samuel,Simpson,IT Technician
36,EE,Mrs,Eugine ,Edwards,Adminstration,Administative assistant,16/01/2019,Software,SIMS,Run census patch this evening,High,Y,Ran Census,16/01/2019,,,,,,,,KN,Mr,Kevin ,Nickson,IT Manager
37,NC,Mrs,Nicola,Calderbank,Adminstration,Exams Officer,17/01/2019,IT,Printer,SLT corridor printer has a misfeed,High,Y,Reset Printer,17/01/2019,339,Printer,Epson,27/08/2013,98001,,SLT Corridor,RG,Miss,Rachel,Green,IT Technician
38,NN,Mr,Nigel,Newns,Science,Head of KS4 Science,17/01/2019,Hardware,Interactive Projector,The projector remote is not working. I've tried changing the batteries but this has made no difference,Medium,Y,Took back to manufactuer and it is now fixed,28/01/2019,325,Interactive Projector,Epson,05/08/2015,72321,S5,Science,SS,Mr,Samuel,Simpson,IT Technician
39,EJ,Mrs,Elizibeth,Jenkins,Humanities,Head of History Department ,17/01/2019,Hardware,Printer,The printer needs a new Cyan toner,Medium,Y,Replaced toner,17/01/2019,342,Printer,Epson,11/08/2016,46202,,Humanities,SS,Mr,Samuel,Simpson,IT Technician
40,NH,Mrs,Nicola,Hay,Maths,Assistant-Head Teacher,18/01/2019,Hardware,Interactive Projector,Can?t switch on the interactive whiteboard ,Low,Y,Re-plugged the device as not fully plugged in,18/01/2019,329,Interactive Projector,Epson,05/08/2015,72325,MA4,Mathematics,KN,Mr,Kevin ,Nickson,IT Manager
41,SS,Miss,Sophie,Swift,English,Teacher,21/01/2019,Software,Systems Unit,"Can?t print from a website, printing fine from word",High,Y,Reset Internet explorer then it worked,21/01/2019,,,,,,,,SS,Mr,Samuel,Simpson,IT Technician
42,EB,Ms,Ella,Burrows,Languages,Head of KS5 Languages,21/01/2019,IT,YouTube,Unblock youtube for one lesson P4,Low,Y,YouTube unlocked for lesson,21/01/2019,241,System Unit,Dell,01/08/2017,40013,L3,Languages,RG,Miss,Rachel,Green,IT Technician
43,CW,Miss,Caitlin,Walton,Science,Teacher,21/01/2019,IT,Folders,"Acidentially deleted some files from the science folder, ""unit 10 - using resources"", retrieve files if possible.  ",High,Y,Files retrieved,21/01/2019,,,,,,,,KN,Mr,Kevin ,Nickson,IT Manager
44,AH,Mr,Anthony ,Hay,Science,Head of Science Department,21/01/2019,Hardware,Printer,Replace the black toner cartridge,Medium,Y,Replaced toner,21/01/2019,344,Printer,Epson,11/08/2016,46204,,Science,SS,Mr,Samuel,Simpson,IT Technician
45,EH,Mrs,Emily,Hughes,P.E.,Head of Physical Education Department,22/01/2019,IT,Folders,Assign folder permissions for staff folders,Medium,Y,Permissions Assigned,22/01/2019,,,,,,,,KN,Mr,Kevin ,Nickson,IT Manager
46,CL,Mr,Craig,Livingstone,Psychology & Law,Head of KS4 Psychology & Law,22/01/2019,IT,YouTube,Unblock youtube for one lesson tomorrow P1,Low,Y,YouTube unlocked for lesson,22/01/2019,286,System Unit,Logitech,30/08/2014,42101,M15,Main Building,RG,Miss,Rachel,Green,IT Technician
47,IR,Miss,Iola,Roberts,P.E.,Head of KS5 Physical Education,23/01/2019,Software,Laptop,Laptop cannot connect to the printer,Low,Y,"Reset device, can now connect",23/01/2019,364,Laptop,HP,12/08/2015,79210,,,SS,Mr,Samuel,Simpson,IT Technician
48,JB,Ms,Jessica,Bullen,"Business, IT & Media",Teacher,24/01/2019,Software,Systems Unit,Desktop computer isn't connected to the internet. There's a little computer icon in the corner with a red X on it,Medium,Y,"Ethernet cable had come loose, now re-plugged in",24/01/2019,304,System Unit,Apple,18/08/2018,4005,M16,Main Building,SS,Mr,Samuel,Simpson,IT Technician
49,CC,Miss,Chloe,Chadwick,P.E.,Teacher,25/01/2019,IT,Folders,"Work Missing from Staff Area folder, please can you locate it",Medium,Y,Files retrieved,25/01/2019,,,,,,,,RG,Miss,Rachel,Green,IT Technician
50,PD,Mr,Peter,Daniels,English,Head of English Department,25/01/2019,Software,SIMS,Unable to log onto SIMS,High,Y,Re-set the password,25/01/2019,,,,,,,,KN,Mr,Kevin ,Nickson,IT Manager
51,DP,Mrs,Deborah,Parker,English,Head of KS4 English,28/01/2019,Hardware,Two-way radio ,The speaker has broken,High,N,Took back to manufactuer to be fixed,,367,Two-way Radio,Motorola ,05/08/2017,67403,,,SS,Mr,Samuel,Simpson,IT Technician
52,LS,Mr,Liam,Smith,Maths,Head of KS4 Maths,28/01/2019,Software,MicrosoftOffice,Word keeps crashing ,High,Y,Uninstalled and Installed Word,28/01/2019,,,,,,,,RG,Miss,Rachel,Green,IT Technician
53,BJ,Mr,Benjamin,James,Humanities,Head of Geography Department,29/01/2019,Hardware,Keyboard,Some of the letter keys do not work,High,N,Took back to manufactuer to be fixed,,142,Keyboard ,Logitech,30/08/2014,22109,H2,Humanities,KN,Mr,Kevin ,Nickson,IT Manager
54,AA,Ms,Amy,Armstrong,Science,Teacher,29/01/2019,Software,SIMS,Can't find my class' register,High,Y,Added class to teacher's register,29/01/2019,,,,,,,,SS,Mr,Samuel,Simpson,IT Technician
55,RM,Mrs,Rebecca,Maguire,Performing Arts ,Teacher,30/01/2019,IT,YouTube,Unblock youtube for one lesson P2,Low,Y,YouTube unlocked for lesson,30/01/2019,299,System Unit,Logitech,30/08/2014,42114,PA2,Performing Arts,RG,Miss,Rachel,Green,IT Technician
56,SP,Mr,Shane,Peters,Maths,Teacher,30/01/2019,Hardware,Laptop,The mouse pad does not work,Medium,N,Took back to manufactuer to be fixed,,,,,,,,,SS,Mr,Samuel,Simpson,IT Technician
57,DH,Mr,David,Hill,"Business, IT & Media",Head of IT Department,30/01/2019,IT,Internet Access,Could you check the internet access for a pupil in year 8 - he's tried to access the internet period 1 but can't get on.,Low,Y,"Pupil had been added to the internet ban list by a member of staff, now removed ",30/01/2019,,,,,,,,KN,Mr,Kevin ,Nickson,IT Manager
58,EH,Mrs,Emily,Hughes,P.E.,Head of Physical Education Department,31/01/2019,IT,Folders,"Work Missing from Staff Area folder, please can you locate it",Medium,Y,Files retrieved,31/01/2019,,,,,,,,KN,Mr,Kevin ,Nickson,IT Manager
59,JH,Mr,James,Holden,"Business, IT & Media",Head of Business Department ,01/02/2019,Hardware,Mouse,The scroller on the mouse does not work,Medium,N,Took back to manufactuer to be fixed,,181,Mouse,Dell,01/08/2017,30029,M13,Main Building,RG,Miss,Rachel,Green,IT Technician
60,PE,Miss,Paula,Evans,Adminstration,Events Coordinator,01/02/2019,Hardware,Printer,Replace the yellow toner cartridge,Medium,Y,Replaced toner,01/02/2019,339,Printer,Epson,27/08/2013,98001,,SLT Corridor,SS,Mr,Samuel,Simpson,IT Technician
